,background,body,spikes,roar,eyes,elements
0,background-lines,body-pink2,spikes,roar-blue2,eyes-glasses4,elements-planets
1,background-blue,body-yellow,spikes,roar-blue3,eyes-2,elements-flower2
2,background-purple2,body-red,spikes,roar-rainbow,eyes-4,elements-crown
3,background-blue,body-pink,spikes,roar-blue2,eyes-glasses1,elements-greenhat
4,background-purple,body-pink,spikes,roar-yellow,eyes-glasses6,elements-flower1
5,background-themed,body-pink2,spikes,roar-blue2,eyes-2,elements-flower1
6,background-yellow,body-pink2,spikes,roar-blue2,eyes-glasses2,elements-crown
7,background-pink,body-blue,spikes,roar-blue2,eyes-3,elements-firetail
8,background-red,body-pink,spikes,roar-yellow,eyes-2,elements-flower2
9,background-blue,body-purple,spikes,roar-blue,eyes-3,elements-flower2
10,background-pink2,body-blue,spikes,roar-mask,eyes-1,elements-bluehat
11,background-purple2,body-pink2,spikes,roar-tongue2,eyes-glasses7,elements-crown
12,background-blue,body-cyan,spikes,roar-blue3,eyes-2,elements-crown
13,background-pink2,body-blue,spikes,roar-flowers,eyes-glasses7,elements-greenhat
14,background-red,body-blue,spikes,roar-blue,eyes-tear,elements-firetail
15,background-red2,body-pink2,spikes,roar-fire,eyes-2,elements-halo
16,background-blue,body-yellow,spikes,roar-fire,eyes-glasses2,elements-flower1
17,background-purple,body-pink2,spikes,roar-yellow,eyes-glasses3,elements-horn
18,background-purple2,body-pink,spikes,roar-pink,eyes-5,elements-firetail
19,background-pink,body-cyan,spikes,roar-pink,eyes-glasses1,elements-horn
20,background-orange,body-orange,spikes,roar-drool,eyes-3,elements-firetail
21,background-purple,body-orange,spikes,roar-tongue,eyes-5,elements-flower1
22,background-pink,body-pink2,spikes,roar-yellow,eyes-glasses6,elements-flower1
23,background-red,body-purple,spikes,roar-tongue2,eyes-5,elements-halo
24,background-yellow,body-pink2,spikes,roar-fire,eyes-glasses7,elements-bluehat
25,background-red2,body-purple,spikes,roar-tongue,eyes-5,elements-bluehat
26,background-cloud,body-orange,spikes,roar-fire,eyes-4,elements-horn
27,background-pink,body-blue,spikes,roar-tongue2,eyes-2,elements-planets
28,background-orange,body-pink2,spikes,roar-mask,eyes-glasses5,elements-bluehat
29,background-cyan,body-red,spikes,roar-tongue,eyes-glasses3,elements-horn
30,background-pink2,body-orange,spikes,roar-blue3,eyes-glasses3,elements-flower2
31,background-red2,body-green,spikes,roar-drool,eyes-4,elements-horn
32,background-pink2,body-yellow,spikes,roar-blue,eyes-glasses4,elements-halo
33,background-pink2,body-pink2,spikes,roar-blue3,eyes-4,elements-flower1
34,background-pink,body-orange,spikes,roar-blue2,eyes-glasses4,elements-halo
35,background-cyan,body-yellow,spikes,roar-rainbow,eyes-4,elements-firetail
36,background-purple2,body-yellow,spikes,roar-drool,eyes-4,elements-firetail
37,background-orange,body-pink,spikes,roar-mask,eyes-tear,elements-planets
38,background-themed,body-purple,spikes,roar-drool,eyes-glasses4,elements-halo
39,background-blue,body-pink,spikes,roar-tongue2,eyes-glasses2,elements-bluehat
40,background-orange,body-red,spikes,roar-mask,eyes-glasses1,elements-flower2
41,background-red2,body-green,spikes,roar-drool,eyes-glasses5,elements-greenhat
42,background-yellow,body-orange,spikes,roar-blue,eyes-glasses2,elements-horn
43,background-fgdarkblue,body-cyan,spikes,roar-tongue2,eyes-1,elements-greenhat
44,background-green,body-blue,spikes,roar-mask,eyes-5,elements-flower1
45,background-orange,body-blue,spikes,roar-blue2,eyes-glasses5,elements-firetail
46,background-yellow,body-red,spikes,roar-tongue,eyes-2,elements-halo
47,background-red,body-cyan,spikes,roar-rainbow,eyes-1,elements-flower2
48,background-cyan,body-yellow,spikes,roar-purple,eyes-5,elements-halo
49,background-cloud,body-pink,spikes,roar-tongue2,eyes-5,elements-firetail
50,background-orange,body-pink2,spikes,roar-purple,eyes-4,elements-planets
51,background-green,body-green,spikes,roar-blue,eyes-3,elements-flower1
52,background-orange,body-green,spikes,roar-yellow,eyes-2,elements-planets
53,background-pink,body-yellow,spikes,roar-blue,eyes-glasses6,elements-horn
54,background-fgdarkblue,body-purple,spikes,roar-fire,eyes-glasses4,elements-halo
55,background-green,body-red,spikes,roar-tongue,eyes-glasses7,elements-bluehat
56,background-yellow,body-pink,spikes,roar-blue,eyes-glasses7,elements-crown
57,background-cloud,body-blue,spikes,roar-tongue2,eyes-5,elements-horn
58,background-fgdarkblue,body-red,spikes,roar-fire,eyes-glasses7,elements-greenhat
59,background-themed,body-orange,spikes,roar-blue,eyes-glasses5,elements-firetail
60,background-green,body-orange,spikes,roar-tongue2,eyes-glasses4,elements-planets
61,background-purple2,body-orange,spikes,roar-flowers,eyes-glasses5,elements-greenhat
62,background-yellow,body-yellow,spikes,roar-flowers,eyes-glasses6,elements-bluehat
63,background-purple2,body-red,spikes,roar-blue3,eyes-4,elements-flower2
64,background-fgdarkblue,body-blue,spikes,roar-purple,eyes-4,elements-planets
65,background-pink,body-green,spikes,roar-fire,eyes-glasses1,elements-crown
66,background-blue,body-pink2,spikes,roar-rainbow,eyes-glasses1,elements-bluehat
67,background-cloud,body-cyan,spikes,roar-yellow,eyes-2,elements-firetail
68,background-purple,body-orange,spikes,roar-fire,eyes-glasses2,elements-greenhat
69,background-pink,body-pink,spikes,roar-purple,eyes-glasses2,elements-firetail
70,background-orange,body-blue,spikes,roar-rainbow,eyes-glasses4,elements-horn
71,background-orange,body-purple,spikes,roar-flowers,eyes-tear,elements-bluehat
72,background-purple2,body-yellow,spikes,roar-blue3,eyes-3,elements-halo
73,background-cyan,body-pink,spikes,roar-yellow,eyes-glasses4,elements-planets
74,background-fgdarkblue,body-yellow,spikes,roar-tongue,eyes-glasses2,elements-horn
75,background-orange,body-yellow,spikes,roar-blue3,eyes-tear,elements-greenhat
76,background-red2,body-yellow,spikes,roar-tongue2,eyes-glasses1,elements-bluehat
77,background-red,body-orange,spikes,roar-yellow,eyes-tear,elements-crown
78,background-red,body-orange,spikes,roar-blue3,eyes-glasses5,elements-crown
79,background-red,body-purple,spikes,roar-tongue,eyes-1,elements-flower2
80,background-orange,body-cyan,spikes,roar-purple,eyes-glasses5,elements-flower2
81,background-fgdarkblue,body-cyan,spikes,roar-tongue,eyes-glasses4,elements-planets
82,background-cloud,body-purple,spikes,roar-tongue,eyes-4,elements-greenhat
83,background-themed,body-orange,spikes,roar-drool,eyes-2,elements-bluehat
84,background-red2,body-red,spikes,roar-drool,eyes-5,elements-firetail
85,background-fgdarkblue,body-yellow,spikes,roar-blue,eyes-glasses7,elements-greenhat
86,background-blue,body-red,spikes,roar-rainbow,eyes-glasses5,elements-planets
87,background-yellow,body-red,spikes,roar-blue3,eyes-3,elements-horn
88,background-blue,body-pink,spikes,roar-tongue,eyes-4,elements-greenhat
89,background-green,body-pink,spikes,roar-mask,eyes-2,elements-crown
90,background-themed,body-pink,spikes,roar-rainbow,eyes-2,elements-flower2
91,background-cloud,body-purple,spikes,roar-blue2,eyes-glasses2,elements-greenhat
92,background-red,body-pink,spikes,roar-pink,eyes-4,elements-planets
93,background-lines,body-purple,spikes,roar-purple,eyes-glasses2,elements-firetail
94,background-red,body-orange,spikes,roar-blue3,eyes-glasses6,elements-flower2
95,background-purple2,body-yellow,spikes,roar-drool,eyes-glasses1,elements-flower2
96,background-orange,body-cyan,spikes,roar-blue3,eyes-2,elements-flower1
97,background-purple,body-pink2,spikes,roar-fire,eyes-glasses4,elements-flower2
98,background-cyan,body-orange,spikes,roar-blue2,eyes-glasses6,elements-flower1
99,background-fgdarkblue,body-purple,spikes,roar-pink,eyes-1,elements-planets
100,background-themed,body-pink,spikes,roar-blue3,eyes-2,elements-horn
101,background-green,body-pink,spikes,roar-flowers,eyes-glasses1,elements-greenhat
102,background-cloud,body-red,spikes,roar-pink,eyes-5,elements-halo
103,background-fgdarkblue,body-orange,spikes,roar-blue2,eyes-glasses7,elements-bluehat
104,background-green,body-purple,spikes,roar-yellow,eyes-2,elements-firetail
105,background-purple2,body-yellow,spikes,roar-blue3,eyes-2,elements-horn
106,background-yellow,body-cyan,spikes,roar-flowers,eyes-1,elements-horn
107,background-cyan,body-purple,spikes,roar-purple,eyes-3,elements-crown
108,background-cloud,body-purple,spikes,roar-mask,eyes-glasses5,elements-bluehat
109,background-purple,body-orange,spikes,roar-flowers,eyes-4,elements-bluehat
110,background-yellow,body-yellow,spikes,roar-mask,eyes-4,elements-bluehat
111,background-green,body-purple,spikes,roar-fire,eyes-5,elements-firetail
112,background-pink2,body-cyan,spikes,roar-mask,eyes-1,elements-greenhat
113,background-cloud,body-red,spikes,roar-blue,eyes-glasses4,elements-flower2
114,background-yellow,body-purple,spikes,roar-blue,eyes-glasses7,elements-halo
115,background-fgdarkblue,body-blue,spikes,roar-fire,eyes-glasses2,elements-crown
116,background-cyan,body-orange,spikes,roar-blue2,eyes-glasses6,elements-halo
117,background-purple2,body-green,spikes,roar-tongue2,eyes-glasses1,elements-horn
118,background-orange,body-red,spikes,roar-rainbow,eyes-glasses2,elements-planets
119,background-lines,body-blue,spikes,roar-tongue2,eyes-1,elements-flower2
120,background-green,body-green,spikes,roar-blue,eyes-glasses6,elements-planets
121,background-cloud,body-purple,spikes,roar-mask,eyes-2,elements-horn
122,background-red2,body-purple,spikes,roar-blue2,eyes-2,elements-flower2
123,background-red2,body-purple,spikes,roar-blue,eyes-1,elements-firetail
124,background-cloud,body-green,spikes,roar-rainbow,eyes-5,elements-bluehat
125,background-lines,body-purple,spikes,roar-rainbow,eyes-4,elements-flower1
126,background-red,body-purple,spikes,roar-purple,eyes-5,elements-horn
127,background-cyan,body-orange,spikes,roar-flowers,eyes-tear,elements-bluehat
128,background-yellow,body-purple,spikes,roar-blue3,eyes-4,elements-halo
129,background-pink2,body-yellow,spikes,roar-tongue2,eyes-3,elements-bluehat
130,background-purple2,body-red,spikes,roar-flowers,eyes-glasses4,elements-greenhat
131,background-red,body-green,spikes,roar-blue3,eyes-glasses3,elements-firetail
132,background-purple,body-purple,spikes,roar-purple,eyes-glasses2,elements-horn
133,background-yellow,body-pink,spikes,roar-pink,eyes-glasses1,elements-bluehat
134,background-cloud,body-red,spikes,roar-pink,eyes-4,elements-horn
135,background-lines,body-pink,spikes,roar-fire,eyes-glasses3,elements-horn
136,background-red2,body-cyan,spikes,roar-blue,eyes-5,elements-greenhat
137,background-red2,body-orange,spikes,roar-purple,eyes-glasses2,elements-halo
138,background-orange,body-pink2,spikes,roar-pink,eyes-2,elements-flower1
139,background-fgdarkblue,body-orange,spikes,roar-yellow,eyes-glasses5,elements-greenhat
140,background-cloud,body-pink2,spikes,roar-fire,eyes-2,elements-planets
141,background-purple,body-red,spikes,roar-blue,eyes-4,elements-greenhat
142,background-cloud,body-blue,spikes,roar-flowers,eyes-tear,elements-greenhat
143,background-lines,body-green,spikes,roar-blue2,eyes-glasses1,elements-greenhat
144,background-blue,body-pink2,spikes,roar-pink,eyes-glasses1,elements-planets
145,background-purple2,body-pink,spikes,roar-flowers,eyes-2,elements-firetail
146,background-cyan,body-green,spikes,roar-blue,eyes-glasses3,elements-flower2
147,background-yellow,body-pink,spikes,roar-drool,eyes-glasses1,elements-halo
148,background-themed,body-green,spikes,roar-flowers,eyes-glasses1,elements-crown
149,background-orange,body-cyan,spikes,roar-tongue,eyes-glasses6,elements-crown
150,background-red2,body-red,spikes,roar-yellow,eyes-glasses7,elements-greenhat
151,background-red,body-yellow,spikes,roar-fire,eyes-tear,elements-halo
152,background-purple2,body-orange,spikes,roar-blue2,eyes-glasses7,elements-firetail
153,background-themed,body-red,spikes,roar-blue3,eyes-1,elements-greenhat
154,background-purple,body-blue,spikes,roar-rainbow,eyes-2,elements-flower2
155,background-blue,body-cyan,spikes,roar-drool,eyes-1,elements-greenhat
156,background-blue,body-red,spikes,roar-tongue,eyes-glasses3,elements-flower1
157,background-red2,body-pink,spikes,roar-flowers,eyes-4,elements-crown
158,background-pink2,body-orange,spikes,roar-blue,eyes-glasses3,elements-crown
159,background-yellow,body-orange,spikes,roar-yellow,eyes-glasses1,elements-crown
160,background-fgdarkblue,body-orange,spikes,roar-drool,eyes-glasses3,elements-halo
161,background-green,body-red,spikes,roar-pink,eyes-1,elements-bluehat
162,background-cyan,body-cyan,spikes,roar-fire,eyes-glasses3,elements-firetail
163,background-cyan,body-purple,spikes,roar-mask,eyes-tear,elements-planets
164,background-green,body-purple,spikes,roar-blue2,eyes-tear,elements-firetail
165,background-fgdarkblue,body-blue,spikes,roar-blue,eyes-tear,elements-crown
166,background-purple2,body-blue,spikes,roar-blue3,eyes-1,elements-flower1
167,background-red,body-yellow,spikes,roar-flowers,eyes-5,elements-firetail
168,background-purple,body-cyan,spikes,roar-tongue2,eyes-glasses7,elements-greenhat
169,background-pink,body-green,spikes,roar-blue2,eyes-4,elements-planets
170,background-cyan,body-blue,spikes,roar-drool,eyes-glasses4,elements-flower1
171,background-yellow,body-pink,spikes,roar-blue2,eyes-2,elements-flower1
172,background-purple2,body-purple,spikes,roar-blue,eyes-glasses2,elements-bluehat
173,background-purple2,body-blue,spikes,roar-fire,eyes-glasses4,elements-firetail
174,background-red2,body-blue,spikes,roar-rainbow,eyes-3,elements-horn
175,background-cyan,body-red,spikes,roar-tongue2,eyes-3,elements-flower1
176,background-purple2,body-purple,spikes,roar-fire,eyes-3,elements-firetail
177,background-blue,body-cyan,spikes,roar-blue,eyes-tear,elements-planets
178,background-cyan,body-cyan,spikes,roar-blue3,eyes-4,elements-crown
179,background-cyan,body-red,spikes,roar-flowers,eyes-2,elements-halo
180,background-cyan,body-green,spikes,roar-blue2,eyes-glasses6,elements-greenhat
181,background-green,body-purple,spikes,roar-tongue2,eyes-glasses3,elements-flower2
182,background-red2,body-cyan,spikes,roar-tongue,eyes-glasses5,elements-horn
183,background-red2,body-green,spikes,roar-tongue,eyes-glasses4,elements-flower1
184,background-yellow,body-blue,spikes,roar-blue3,eyes-glasses5,elements-halo
185,background-lines,body-pink,spikes,roar-tongue,eyes-glasses6,elements-greenhat
186,background-green,body-pink2,spikes,roar-drool,eyes-glasses3,elements-halo
187,background-blue,body-purple,spikes,roar-pink,eyes-glasses5,elements-firetail
188,background-cloud,body-purple,spikes,roar-pink,eyes-glasses3,elements-flower1
189,background-themed,body-orange,spikes,roar-fire,eyes-glasses3,elements-halo
190,background-yellow,body-cyan,spikes,roar-tongue2,eyes-4,elements-flower2
191,background-themed,body-yellow,spikes,roar-drool,eyes-glasses6,elements-bluehat
192,background-red2,body-pink,spikes,roar-blue,eyes-3,elements-planets
193,background-green,body-blue,spikes,roar-fire,eyes-5,elements-flower1
194,background-blue,body-pink,spikes,roar-purple,eyes-5,elements-crown
195,background-green,body-blue,spikes,roar-mask,eyes-glasses6,elements-horn
196,background-themed,body-purple,spikes,roar-drool,eyes-glasses6,elements-firetail
197,background-purple,body-yellow,spikes,roar-tongue2,eyes-glasses4,elements-crown
198,background-red,body-cyan,spikes,roar-pink,eyes-glasses5,elements-greenhat
199,background-pink,body-pink2,spikes,roar-yellow,eyes-glasses4,elements-halo
200,background-fgdarkblue,body-pink,spikes,roar-fire,eyes-tear,elements-greenhat
201,background-pink2,body-pink2,spikes,roar-mask,eyes-glasses7,elements-firetail
202,background-pink,body-pink2,spikes,roar-blue3,eyes-1,elements-horn
203,background-pink,body-green,spikes,roar-fire,eyes-glasses7,elements-halo
204,background-pink,body-red,spikes,roar-drool,eyes-glasses7,elements-flower2
205,background-pink2,body-cyan,spikes,roar-blue2,eyes-5,elements-flower1
206,background-pink,body-yellow,spikes,roar-drool,eyes-4,elements-greenhat
207,background-themed,body-pink2,spikes,roar-blue2,eyes-glasses7,elements-flower1
208,background-cyan,body-green,spikes,roar-drool,eyes-glasses4,elements-firetail
209,background-cyan,body-cyan,spikes,roar-blue3,eyes-glasses2,elements-bluehat
210,background-yellow,body-yellow,spikes,roar-drool,eyes-5,elements-flower2
211,background-red2,body-orange,spikes,roar-rainbow,eyes-glasses1,elements-firetail
212,background-pink2,body-yellow,spikes,roar-drool,eyes-glasses5,elements-flower2
213,background-lines,body-cyan,spikes,roar-tongue2,eyes-glasses3,elements-horn
214,background-lines,body-orange,spikes,roar-fire,eyes-glasses3,elements-flower2
215,background-pink2,body-cyan,spikes,roar-pink,eyes-glasses2,elements-firetail
216,background-cloud,body-cyan,spikes,roar-blue2,eyes-5,elements-planets
217,background-lines,body-green,spikes,roar-mask,eyes-4,elements-halo
218,background-pink,body-orange,spikes,roar-tongue,eyes-glasses1,elements-flower2
219,background-red2,body-pink2,spikes,roar-purple,eyes-1,elements-flower1
220,background-cloud,body-blue,spikes,roar-blue3,eyes-tear,elements-planets
221,background-blue,body-red,spikes,roar-tongue,eyes-glasses1,elements-planets
222,background-red,body-cyan,spikes,roar-blue2,eyes-4,elements-greenhat
223,background-green,body-red,spikes,roar-yellow,eyes-2,elements-halo
224,background-purple,body-pink,spikes,roar-blue,eyes-glasses6,elements-crown
225,background-yellow,body-pink2,spikes,roar-mask,eyes-3,elements-halo
226,background-pink,body-pink,spikes,roar-drool,eyes-2,elements-firetail
227,background-blue,body-yellow,spikes,roar-blue,eyes-glasses7,elements-flower2
228,background-cloud,body-purple,spikes,roar-blue3,eyes-1,elements-greenhat
229,background-pink,body-red,spikes,roar-tongue,eyes-5,elements-horn
230,background-red2,body-cyan,spikes,roar-blue,eyes-glasses4,elements-bluehat
231,background-yellow,body-cyan,spikes,roar-blue,eyes-glasses6,elements-bluehat
232,background-orange,body-cyan,spikes,roar-blue,eyes-glasses6,elements-firetail
233,background-themed,body-blue,spikes,roar-blue,eyes-glasses6,elements-flower1
234,background-cyan,body-pink2,spikes,roar-blue,eyes-glasses5,elements-halo
235,background-themed,body-orange,spikes,roar-tongue,eyes-5,elements-planets
236,background-purple,body-yellow,spikes,roar-blue2,eyes-glasses6,elements-crown
237,background-red,body-purple,spikes,roar-yellow,eyes-tear,elements-halo
238,background-red,body-yellow,spikes,roar-mask,eyes-2,elements-bluehat
239,background-cloud,body-yellow,spikes,roar-purple,eyes-1,elements-flower1
240,background-pink,body-pink,spikes,roar-pink,eyes-1,elements-greenhat
241,background-red2,body-purple,spikes,roar-flowers,eyes-tear,elements-halo
242,background-themed,body-orange,spikes,roar-flowers,eyes-3,elements-halo
243,background-red,body-pink2,spikes,roar-blue2,eyes-glasses1,elements-flower1
244,background-purple,body-red,spikes,roar-tongue2,eyes-glasses3,elements-firetail
245,background-red,body-orange,spikes,roar-fire,eyes-glasses3,elements-flower1
246,background-red,body-pink,spikes,roar-blue2,eyes-glasses5,elements-flower1
247,background-pink2,body-green,spikes,roar-mask,eyes-4,elements-flower2
248,background-red2,body-cyan,spikes,roar-blue2,eyes-1,elements-halo
249,background-red,body-green,spikes,roar-pink,eyes-1,elements-greenhat
250,background-red,body-pink2,spikes,roar-yellow,eyes-tear,elements-flower1
251,background-themed,body-green,spikes,roar-drool,eyes-2,elements-greenhat
252,background-pink,body-pink,spikes,roar-rainbow,eyes-glasses2,elements-planets
253,background-red,body-cyan,spikes,roar-tongue,eyes-3,elements-planets
254,background-purple,body-red,spikes,roar-yellow,eyes-tear,elements-greenhat
255,background-orange,body-cyan,spikes,roar-tongue2,eyes-2,elements-greenhat
256,background-green,body-green,spikes,roar-drool,eyes-glasses2,elements-firetail
257,background-red,body-pink2,spikes,roar-blue2,eyes-4,elements-greenhat
258,background-red2,body-yellow,spikes,roar-blue,eyes-glasses2,elements-flower1
259,background-orange,body-yellow,spikes,roar-blue3,eyes-3,elements-planets
260,background-fgdarkblue,body-cyan,spikes,roar-tongue,eyes-5,elements-bluehat
261,background-themed,body-green,spikes,roar-yellow,eyes-glasses4,elements-bluehat
262,background-red2,body-cyan,spikes,roar-tongue2,eyes-glasses6,elements-halo
263,background-blue,body-cyan,spikes,roar-purple,eyes-glasses5,elements-horn
264,background-red2,body-blue,spikes,roar-blue3,eyes-5,elements-crown
265,background-themed,body-pink2,spikes,roar-flowers,eyes-glasses1,elements-bluehat
266,background-cloud,body-blue,spikes,roar-tongue2,eyes-glasses4,elements-bluehat
267,background-purple,body-green,spikes,roar-rainbow,eyes-glasses3,elements-halo
268,background-green,body-red,spikes,roar-pink,eyes-glasses2,elements-greenhat
269,background-cyan,body-blue,spikes,roar-rainbow,eyes-glasses2,elements-bluehat
270,background-red,body-yellow,spikes,roar-flowers,eyes-glasses7,elements-bluehat
271,background-cloud,body-purple,spikes,roar-purple,eyes-tear,elements-halo
272,background-green,body-purple,spikes,roar-blue,eyes-5,elements-horn
273,background-red,body-cyan,spikes,roar-drool,eyes-glasses3,elements-bluehat
274,background-cyan,body-yellow,spikes,roar-blue,eyes-glasses7,elements-flower1
275,background-themed,body-pink2,spikes,roar-drool,eyes-2,elements-planets
276,background-red2,body-orange,spikes,roar-pink,eyes-tear,elements-planets
277,background-cloud,body-orange,spikes,roar-fire,eyes-glasses2,elements-horn
278,background-themed,body-red,spikes,roar-drool,eyes-glasses4,elements-greenhat
279,background-orange,body-green,spikes,roar-rainbow,eyes-glasses2,elements-flower1
280,background-blue,body-blue,spikes,roar-drool,eyes-4,elements-flower2
281,background-pink2,body-pink2,spikes,roar-tongue,eyes-tear,elements-firetail
282,background-yellow,body-purple,spikes,roar-flowers,eyes-5,elements-halo
283,background-red2,body-cyan,spikes,roar-flowers,eyes-glasses3,elements-crown
284,background-themed,body-red,spikes,roar-drool,eyes-1,elements-flower1
285,background-green,body-blue,spikes,roar-yellow,eyes-glasses6,elements-bluehat
286,background-yellow,body-pink2,spikes,roar-blue2,eyes-1,elements-greenhat
287,background-blue,body-pink,spikes,roar-blue2,eyes-glasses4,elements-bluehat
288,background-yellow,body-red,spikes,roar-blue3,eyes-glasses3,elements-horn
289,background-yellow,body-cyan,spikes,roar-drool,eyes-2,elements-flower2
290,background-orange,body-green,spikes,roar-tongue2,eyes-2,elements-crown
291,background-pink2,body-purple,spikes,roar-blue,eyes-5,elements-crown
292,background-themed,body-blue,spikes,roar-drool,eyes-tear,elements-crown
293,background-purple,body-orange,spikes,roar-rainbow,eyes-glasses5,elements-flower1
294,background-blue,body-cyan,spikes,roar-tongue2,eyes-glasses6,elements-flower1
295,background-red2,body-pink,spikes,roar-yellow,eyes-4,elements-firetail
296,background-purple,body-orange,spikes,roar-flowers,eyes-2,elements-halo
297,background-purple,body-blue,spikes,roar-purple,eyes-glasses7,elements-halo
298,background-green,body-orange,spikes,roar-blue3,eyes-glasses2,elements-bluehat
299,background-red2,body-blue,spikes,roar-drool,eyes-4,elements-firetail
300,background-pink,body-pink,spikes,roar-pink,eyes-tear,elements-crown
301,background-purple2,body-yellow,spikes,roar-tongue2,eyes-glasses5,elements-horn
302,background-blue,body-cyan,spikes,roar-rainbow,eyes-5,elements-flower2
303,background-pink2,body-cyan,spikes,roar-yellow,eyes-glasses2,elements-planets
304,background-purple2,body-red,spikes,roar-blue,eyes-3,elements-greenhat
305,background-orange,body-orange,spikes,roar-rainbow,eyes-glasses7,elements-bluehat
306,background-blue,body-orange,spikes,roar-tongue,eyes-glasses1,elements-firetail
307,background-cloud,body-yellow,spikes,roar-flowers,eyes-1,elements-firetail
308,background-yellow,body-green,spikes,roar-flowers,eyes-glasses4,elements-flower1
309,background-blue,body-purple,spikes,roar-blue,eyes-tear,elements-flower2
310,background-fgdarkblue,body-orange,spikes,roar-blue3,eyes-glasses3,elements-planets
311,background-orange,body-pink2,spikes,roar-yellow,eyes-glasses3,elements-flower1
312,background-orange,body-pink,spikes,roar-blue2,eyes-4,elements-halo
313,background-fgdarkblue,body-orange,spikes,roar-yellow,eyes-glasses3,elements-flower2
314,background-green,body-blue,spikes,roar-tongue2,eyes-glasses4,elements-flower2
315,background-pink,body-blue,spikes,roar-yellow,eyes-glasses5,elements-flower1
316,background-green,body-yellow,spikes,roar-mask,eyes-4,elements-bluehat
317,background-purple,body-cyan,spikes,roar-blue,eyes-3,elements-flower1
318,background-red2,body-purple,spikes,roar-drool,eyes-3,elements-flower1
319,background-cyan,body-pink2,spikes,roar-fire,eyes-glasses6,elements-firetail
320,background-orange,body-red,spikes,roar-blue2,eyes-4,elements-horn
321,background-red2,body-pink,spikes,roar-flowers,eyes-glasses2,elements-halo
322,background-red2,body-cyan,spikes,roar-yellow,eyes-1,elements-crown
323,background-blue,body-red,spikes,roar-yellow,eyes-tear,elements-flower2
324,background-blue,body-yellow,spikes,roar-fire,eyes-tear,elements-greenhat
325,background-pink,body-pink2,spikes,roar-flowers,eyes-glasses5,elements-flower2
326,background-pink2,body-red,spikes,roar-blue,eyes-2,elements-flower2
327,background-fgdarkblue,body-green,spikes,roar-pink,eyes-tear,elements-crown
328,background-yellow,body-purple,spikes,roar-blue3,eyes-3,elements-horn
329,background-green,body-orange,spikes,roar-yellow,eyes-glasses3,elements-halo
330,background-cyan,body-red,spikes,roar-blue3,eyes-glasses6,elements-bluehat
331,background-pink2,body-pink2,spikes,roar-blue,eyes-glasses3,elements-flower2
332,background-purple,body-green,spikes,roar-fire,eyes-2,elements-greenhat
333,background-purple2,body-blue,spikes,roar-pink,eyes-1,elements-flower1
334,background-green,body-yellow,spikes,roar-purple,eyes-glasses5,elements-greenhat
335,background-pink,body-blue,spikes,roar-pink,eyes-3,elements-bluehat
336,background-themed,body-pink,spikes,roar-blue2,eyes-glasses2,elements-firetail
337,background-cloud,body-purple,spikes,roar-pink,eyes-2,elements-planets
338,background-red2,body-purple,spikes,roar-blue3,eyes-glasses3,elements-bluehat
339,background-cyan,body-orange,spikes,roar-purple,eyes-3,elements-flower2
340,background-purple2,body-red,spikes,roar-mask,eyes-3,elements-flower1
341,background-red,body-purple,spikes,roar-mask,eyes-glasses4,elements-crown
342,background-green,body-green,spikes,roar-blue2,eyes-5,elements-greenhat
343,background-pink,body-blue,spikes,roar-blue,eyes-3,elements-halo
344,background-themed,body-purple,spikes,roar-purple,eyes-glasses7,elements-crown
345,background-blue,body-red,spikes,roar-rainbow,eyes-glasses7,elements-bluehat
346,background-yellow,body-yellow,spikes,roar-blue2,eyes-4,elements-horn
347,background-red,body-yellow,spikes,roar-tongue2,eyes-glasses3,elements-flower2
348,background-lines,body-red,spikes,roar-tongue2,eyes-1,elements-planets
349,background-pink,body-pink,spikes,roar-pink,eyes-3,elements-planets
350,background-green,body-pink2,spikes,roar-yellow,eyes-tear,elements-flower1
351,background-purple,body-yellow,spikes,roar-mask,eyes-2,elements-flower2
352,background-red2,body-pink2,spikes,roar-yellow,eyes-tear,elements-halo
353,background-orange,body-pink,spikes,roar-purple,eyes-4,elements-bluehat
354,background-themed,body-yellow,spikes,roar-blue,eyes-4,elements-flower1
355,background-pink2,body-pink2,spikes,roar-tongue2,eyes-3,elements-planets
356,background-yellow,body-blue,spikes,roar-purple,eyes-3,elements-flower1
357,background-pink2,body-green,spikes,roar-tongue2,eyes-glasses3,elements-bluehat
358,background-pink2,body-orange,spikes,roar-rainbow,eyes-glasses5,elements-crown
359,background-fgdarkblue,body-blue,spikes,roar-purple,eyes-glasses5,elements-planets
360,background-lines,body-yellow,spikes,roar-drool,eyes-3,elements-planets
361,background-red2,body-pink2,spikes,roar-yellow,eyes-3,elements-crown
362,background-blue,body-pink2,spikes,roar-flowers,eyes-2,elements-flower1
363,background-purple2,body-pink,spikes,roar-blue3,eyes-1,elements-firetail
364,background-themed,body-yellow,spikes,roar-mask,eyes-glasses4,elements-crown
365,background-pink2,body-orange,spikes,roar-fire,eyes-glasses4,elements-planets
366,background-green,body-orange,spikes,roar-purple,eyes-2,elements-flower2
367,background-red2,body-pink,spikes,roar-pink,eyes-glasses6,elements-planets
368,background-red,body-cyan,spikes,roar-tongue2,eyes-5,elements-planets
369,background-themed,body-orange,spikes,roar-blue,eyes-2,elements-halo
370,background-purple2,body-yellow,spikes,roar-blue3,eyes-glasses1,elements-bluehat
371,background-pink,body-blue,spikes,roar-tongue,eyes-glasses7,elements-crown
372,background-pink,body-pink2,spikes,roar-blue2,eyes-glasses4,elements-crown
373,background-cloud,body-yellow,spikes,roar-blue,eyes-2,elements-firetail
374,background-yellow,body-purple,spikes,roar-blue3,eyes-1,elements-horn
375,background-cloud,body-cyan,spikes,roar-tongue2,eyes-1,elements-firetail
376,background-cloud,body-orange,spikes,roar-pink,eyes-tear,elements-greenhat
377,background-purple,body-orange,spikes,roar-drool,eyes-glasses5,elements-horn
378,background-red,body-pink,spikes,roar-blue,eyes-glasses7,elements-horn
379,background-pink,body-pink,spikes,roar-mask,eyes-glasses7,elements-bluehat
380,background-red2,body-red,spikes,roar-blue3,eyes-glasses6,elements-flower1
381,background-blue,body-cyan,spikes,roar-mask,eyes-1,elements-greenhat
382,background-fgdarkblue,body-cyan,spikes,roar-yellow,eyes-glasses7,elements-greenhat
383,background-themed,body-orange,spikes,roar-rainbow,eyes-glasses2,elements-planets
384,background-red,body-blue,spikes,roar-blue3,eyes-glasses7,elements-crown
385,background-purple2,body-green,spikes,roar-tongue,eyes-3,elements-firetail
386,background-cyan,body-purple,spikes,roar-tongue,eyes-glasses3,elements-firetail
387,background-red2,body-blue,spikes,roar-blue,eyes-glasses6,elements-greenhat
388,background-purple2,body-orange,spikes,roar-rainbow,eyes-glasses2,elements-crown
389,background-yellow,body-purple,spikes,roar-yellow,eyes-4,elements-flower1
390,background-purple2,body-green,spikes,roar-blue3,eyes-glasses2,elements-planets
391,background-fgdarkblue,body-red,spikes,roar-blue3,eyes-glasses4,elements-flower2
392,background-orange,body-pink,spikes,roar-blue2,eyes-glasses1,elements-flower2
393,background-pink2,body-yellow,spikes,roar-tongue2,eyes-glasses3,elements-flower2
394,background-pink2,body-pink2,spikes,roar-rainbow,eyes-4,elements-crown
395,background-purple,body-red,spikes,roar-yellow,eyes-4,elements-halo
396,background-blue,body-green,spikes,roar-pink,eyes-glasses3,elements-halo
397,background-themed,body-purple,spikes,roar-flowers,eyes-glasses5,elements-crown
398,background-pink,body-pink2,spikes,roar-tongue,eyes-1,elements-flower1
399,background-orange,body-green,spikes,roar-blue,eyes-glasses6,elements-crown
400,background-themed,body-pink,spikes,roar-tongue,eyes-glasses3,elements-horn
401,background-green,body-purple,spikes,roar-pink,eyes-glasses4,elements-bluehat
402,background-blue,body-green,spikes,roar-mask,eyes-1,elements-firetail
403,background-themed,body-pink,spikes,roar-flowers,eyes-1,elements-horn
404,background-red,body-pink2,spikes,roar-yellow,eyes-2,elements-planets
405,background-cloud,body-blue,spikes,roar-flowers,eyes-4,elements-flower2
406,background-purple2,body-cyan,spikes,roar-fire,eyes-glasses6,elements-bluehat
407,background-fgdarkblue,body-orange,spikes,roar-blue3,eyes-tear,elements-crown
408,background-green,body-purple,spikes,roar-mask,eyes-3,elements-greenhat
409,background-purple2,body-pink2,spikes,roar-flowers,eyes-2,elements-flower2
410,background-themed,body-purple,spikes,roar-blue3,eyes-5,elements-firetail
411,background-yellow,body-pink,spikes,roar-purple,eyes-2,elements-flower1
412,background-purple,body-green,spikes,roar-flowers,eyes-glasses3,elements-crown
413,background-lines,body-pink2,spikes,roar-drool,eyes-glasses5,elements-planets
414,background-red2,body-red,spikes,roar-rainbow,eyes-4,elements-horn
415,background-fgdarkblue,body-blue,spikes,roar-yellow,eyes-glasses2,elements-planets
416,background-yellow,body-pink2,spikes,roar-blue2,eyes-glasses7,elements-flower1
417,background-cloud,body-yellow,spikes,roar-tongue2,eyes-tear,elements-greenhat
418,background-cyan,body-pink2,spikes,roar-blue,eyes-3,elements-crown
419,background-green,body-green,spikes,roar-drool,eyes-glasses7,elements-greenhat
420,background-cyan,body-cyan,spikes,roar-pink,eyes-glasses3,elements-flower2
421,background-green,body-pink,spikes,roar-drool,eyes-2,elements-halo
422,background-yellow,body-yellow,spikes,roar-pink,eyes-glasses3,elements-crown
423,background-fgdarkblue,body-cyan,spikes,roar-tongue2,eyes-tear,elements-horn
424,background-cloud,body-orange,spikes,roar-rainbow,eyes-1,elements-flower2
425,background-orange,body-cyan,spikes,roar-blue3,eyes-tear,elements-planets
426,background-green,body-cyan,spikes,roar-mask,eyes-glasses2,elements-flower2
427,background-fgdarkblue,body-blue,spikes,roar-blue2,eyes-glasses3,elements-crown
428,background-purple2,body-green,spikes,roar-fire,eyes-glasses7,elements-firetail
429,background-orange,body-green,spikes,roar-drool,eyes-tear,elements-crown
430,background-red2,body-pink2,spikes,roar-mask,eyes-glasses3,elements-horn
431,background-lines,body-yellow,spikes,roar-purple,eyes-glasses3,elements-greenhat
432,background-lines,body-purple,spikes,roar-blue2,eyes-4,elements-horn
433,background-cloud,body-blue,spikes,roar-blue,eyes-2,elements-greenhat
434,background-red,body-yellow,spikes,roar-tongue2,eyes-3,elements-flower2
435,background-cloud,body-purple,spikes,roar-blue3,eyes-tear,elements-greenhat
436,background-purple,body-red,spikes,roar-mask,eyes-2,elements-firetail
437,background-pink2,body-orange,spikes,roar-tongue,eyes-glasses5,elements-crown
438,background-cloud,body-pink2,spikes,roar-mask,eyes-glasses5,elements-horn
439,background-cyan,body-green,spikes,roar-purple,eyes-glasses5,elements-horn
440,background-orange,body-blue,spikes,roar-yellow,eyes-glasses1,elements-greenhat
441,background-fgdarkblue,body-purple,spikes,roar-tongue2,eyes-glasses2,elements-crown
442,background-yellow,body-yellow,spikes,roar-yellow,eyes-glasses4,elements-crown
443,background-green,body-pink,spikes,roar-flowers,eyes-5,elements-horn
444,background-yellow,body-orange,spikes,roar-blue3,eyes-4,elements-crown
445,background-purple,body-pink2,spikes,roar-pink,eyes-tear,elements-halo
446,background-green,body-blue,spikes,roar-tongue,eyes-glasses4,elements-crown
447,background-yellow,body-green,spikes,roar-mask,eyes-tear,elements-halo
448,background-yellow,body-pink,spikes,roar-blue3,eyes-glasses5,elements-planets
449,background-themed,body-blue,spikes,roar-flowers,eyes-glasses2,elements-flower2
450,background-orange,body-blue,spikes,roar-blue3,eyes-4,elements-planets
451,background-red2,body-pink,spikes,roar-tongue2,eyes-glasses3,elements-flower2
452,background-pink,body-red,spikes,roar-pink,eyes-3,elements-firetail
453,background-orange,body-red,spikes,roar-blue2,eyes-glasses6,elements-flower1
454,background-pink2,body-blue,spikes,roar-fire,eyes-2,elements-flower1
455,background-pink2,body-green,spikes,roar-flowers,eyes-glasses1,elements-flower2
456,background-orange,body-blue,spikes,roar-pink,eyes-glasses7,elements-crown
457,background-purple2,body-yellow,spikes,roar-drool,eyes-glasses1,elements-firetail
458,background-green,body-pink,spikes,roar-tongue2,eyes-2,elements-flower1
459,background-pink2,body-yellow,spikes,roar-drool,eyes-1,elements-greenhat
460,background-cyan,body-red,spikes,roar-tongue2,eyes-glasses2,elements-bluehat
461,background-pink2,body-blue,spikes,roar-rainbow,eyes-1,elements-firetail
462,background-green,body-red,spikes,roar-tongue2,eyes-4,elements-planets
463,background-cyan,body-pink,spikes,roar-purple,eyes-glasses7,elements-crown
464,background-cloud,body-red,spikes,roar-yellow,eyes-4,elements-flower1
465,background-red2,body-yellow,spikes,roar-blue,eyes-glasses5,elements-greenhat
466,background-yellow,body-green,spikes,roar-drool,eyes-3,elements-firetail
467,background-red,body-cyan,spikes,roar-mask,eyes-glasses1,elements-crown
468,background-fgdarkblue,body-orange,spikes,roar-blue2,eyes-tear,elements-halo
469,background-blue,body-pink2,spikes,roar-flowers,eyes-1,elements-halo
470,background-pink,body-blue,spikes,roar-pink,eyes-5,elements-planets
471,background-pink2,body-purple,spikes,roar-purple,eyes-glasses3,elements-bluehat
472,background-blue,body-green,spikes,roar-blue,eyes-glasses2,elements-crown
473,background-orange,body-pink,spikes,roar-yellow,eyes-3,elements-horn
474,background-pink,body-pink,spikes,roar-tongue2,eyes-glasses5,elements-flower2
475,background-yellow,body-pink,spikes,roar-blue3,eyes-4,elements-planets
476,background-purple,body-pink,spikes,roar-yellow,eyes-3,elements-flower1
477,background-purple,body-orange,spikes,roar-blue,eyes-glasses6,elements-flower2
478,background-pink2,body-purple,spikes,roar-blue,eyes-glasses2,elements-flower2
479,background-blue,body-yellow,spikes,roar-rainbow,eyes-tear,elements-horn
480,background-themed,body-purple,spikes,roar-tongue2,eyes-glasses5,elements-crown
481,background-red,body-purple,spikes,roar-fire,eyes-5,elements-planets
482,background-cloud,body-yellow,spikes,roar-tongue,eyes-glasses4,elements-bluehat
483,background-purple2,body-pink,spikes,roar-fire,eyes-glasses7,elements-planets
484,background-cloud,body-pink2,spikes,roar-tongue,eyes-3,elements-halo
485,background-themed,body-pink,spikes,roar-rainbow,eyes-3,elements-flower1
486,background-pink,body-pink2,spikes,roar-blue3,eyes-tear,elements-flower2
487,background-purple,body-pink,spikes,roar-flowers,eyes-5,elements-flower1
488,background-yellow,body-pink,spikes,roar-tongue2,eyes-glasses5,elements-crown
489,background-purple2,body-purple,spikes,roar-tongue,eyes-4,elements-bluehat
490,background-themed,body-cyan,spikes,roar-blue2,eyes-1,elements-flower1
491,background-yellow,body-orange,spikes,roar-drool,eyes-glasses7,elements-halo
492,background-themed,body-yellow,spikes,roar-yellow,eyes-glasses5,elements-bluehat
493,background-green,body-blue,spikes,roar-tongue,eyes-tear,elements-crown
494,background-yellow,body-orange,spikes,roar-blue3,eyes-glasses3,elements-horn
495,background-lines,body-purple,spikes,roar-fire,eyes-glasses7,elements-bluehat
496,background-red2,body-blue,spikes,roar-blue,eyes-glasses2,elements-planets
497,background-green,body-yellow,spikes,roar-yellow,eyes-glasses7,elements-bluehat
498,background-fgdarkblue,body-red,spikes,roar-mask,eyes-2,elements-flower2
499,background-purple2,body-purple,spikes,roar-rainbow,eyes-glasses4,elements-crown
500,background-purple2,body-cyan,spikes,roar-tongue,eyes-5,elements-greenhat
501,background-pink,body-red,spikes,roar-rainbow,eyes-1,elements-halo
502,background-cyan,body-green,spikes,roar-drool,eyes-glasses6,elements-horn
503,background-lines,body-orange,spikes,roar-purple,eyes-glasses1,elements-flower2
504,background-blue,body-blue,spikes,roar-yellow,eyes-glasses5,elements-flower2
505,background-yellow,body-purple,spikes,roar-mask,eyes-5,elements-crown
506,background-themed,body-red,spikes,roar-tongue,eyes-3,elements-crown
507,background-themed,body-yellow,spikes,roar-blue3,eyes-glasses3,elements-planets
508,background-themed,body-green,spikes,roar-flowers,eyes-glasses4,elements-crown
509,background-red,body-cyan,spikes,roar-tongue2,eyes-glasses5,elements-horn
510,background-purple2,body-red,spikes,roar-drool,eyes-glasses4,elements-bluehat
511,background-purple2,body-green,spikes,roar-blue,eyes-2,elements-halo
512,background-orange,body-orange,spikes,roar-blue,eyes-glasses2,elements-crown
513,background-pink2,body-pink2,spikes,roar-mask,eyes-glasses6,elements-flower2
514,background-fgdarkblue,body-cyan,spikes,roar-blue2,eyes-glasses1,elements-flower1
515,background-themed,body-purple,spikes,roar-tongue2,eyes-glasses1,elements-firetail
516,background-green,body-purple,spikes,roar-blue,eyes-3,elements-firetail
517,background-purple2,body-orange,spikes,roar-purple,eyes-glasses2,elements-halo
518,background-orange,body-red,spikes,roar-blue3,eyes-5,elements-halo
519,background-pink,body-blue,spikes,roar-blue2,eyes-1,elements-planets
520,background-lines,body-cyan,spikes,roar-blue2,eyes-glasses1,elements-greenhat
521,background-themed,body-blue,spikes,roar-rainbow,eyes-glasses1,elements-firetail
522,background-green,body-green,spikes,roar-rainbow,eyes-glasses3,elements-halo
523,background-yellow,body-pink2,spikes,roar-mask,eyes-glasses5,elements-bluehat
524,background-purple2,body-blue,spikes,roar-rainbow,eyes-glasses2,elements-horn
525,background-fgdarkblue,body-green,spikes,roar-rainbow,eyes-glasses2,elements-crown
526,background-red2,body-pink,spikes,roar-flowers,eyes-glasses3,elements-crown
527,background-pink2,body-orange,spikes,roar-tongue,eyes-3,elements-bluehat
528,background-fgdarkblue,body-green,spikes,roar-yellow,eyes-2,elements-horn
529,background-green,body-yellow,spikes,roar-fire,eyes-tear,elements-planets
530,background-red,body-green,spikes,roar-flowers,eyes-glasses4,elements-planets
531,background-cloud,body-purple,spikes,roar-tongue2,eyes-glasses3,elements-flower2
532,background-yellow,body-red,spikes,roar-yellow,eyes-glasses1,elements-horn
533,background-pink,body-pink2,spikes,roar-tongue2,eyes-glasses4,elements-flower1
534,background-themed,body-blue,spikes,roar-blue3,eyes-glasses6,elements-flower2
535,background-green,body-yellow,spikes,roar-tongue2,eyes-glasses6,elements-horn
536,background-pink2,body-yellow,spikes,roar-yellow,eyes-glasses6,elements-firetail
537,background-pink2,body-purple,spikes,roar-pink,eyes-2,elements-bluehat
538,background-cyan,body-pink2,spikes,roar-drool,eyes-1,elements-flower1
539,background-red2,body-orange,spikes,roar-blue2,eyes-5,elements-bluehat
540,background-pink2,body-pink,spikes,roar-blue3,eyes-3,elements-firetail
541,background-green,body-purple,spikes,roar-rainbow,eyes-glasses4,elements-halo
542,background-pink2,body-pink,spikes,roar-rainbow,eyes-5,elements-firetail
543,background-yellow,body-yellow,spikes,roar-fire,eyes-glasses6,elements-planets
544,background-red,body-cyan,spikes,roar-rainbow,eyes-glasses6,elements-flower1
545,background-cyan,body-pink,spikes,roar-fire,eyes-2,elements-flower1
546,background-red,body-pink,spikes,roar-blue3,eyes-glasses5,elements-bluehat
547,background-blue,body-cyan,spikes,roar-blue,eyes-glasses1,elements-planets
548,background-red2,body-orange,spikes,roar-tongue2,eyes-4,elements-flower1
549,background-lines,body-blue,spikes,roar-blue3,eyes-glasses6,elements-greenhat
550,background-yellow,body-pink,spikes,roar-blue2,eyes-5,elements-flower2
551,background-purple2,body-cyan,spikes,roar-flowers,eyes-glasses3,elements-greenhat
552,background-blue,body-yellow,spikes,roar-blue3,eyes-3,elements-firetail
553,background-green,body-cyan,spikes,roar-blue2,eyes-glasses4,elements-flower1
554,background-lines,body-purple,spikes,roar-blue2,eyes-glasses4,elements-firetail
555,background-lines,body-pink,spikes,roar-purple,eyes-glasses6,elements-planets
556,background-purple2,body-blue,spikes,roar-blue3,eyes-5,elements-greenhat
557,background-purple,body-pink,spikes,roar-blue2,eyes-glasses7,elements-firetail
558,background-pink2,body-pink,spikes,roar-purple,eyes-2,elements-flower1
559,background-pink,body-orange,spikes,roar-flowers,eyes-1,elements-horn
560,background-themed,body-green,spikes,roar-rainbow,eyes-tear,elements-greenhat
561,background-lines,body-pink2,spikes,roar-tongue,eyes-glasses6,elements-flower1
562,background-pink,body-yellow,spikes,roar-drool,eyes-glasses1,elements-horn
563,background-lines,body-green,spikes,roar-tongue,eyes-glasses3,elements-firetail
564,background-yellow,body-red,spikes,roar-tongue,eyes-glasses6,elements-bluehat
565,background-cyan,body-cyan,spikes,roar-pink,eyes-1,elements-planets
566,background-themed,body-blue,spikes,roar-tongue2,eyes-glasses3,elements-horn
567,background-purple2,body-blue,spikes,roar-mask,eyes-glasses6,elements-planets
568,background-purple2,body-purple,spikes,roar-blue2,eyes-glasses2,elements-horn
569,background-themed,body-red,spikes,roar-fire,eyes-glasses7,elements-horn
570,background-yellow,body-pink,spikes,roar-blue,eyes-glasses1,elements-greenhat
571,background-yellow,body-green,spikes,roar-flowers,eyes-tear,elements-horn
572,background-pink,body-purple,spikes,roar-mask,eyes-glasses3,elements-horn
573,background-red,body-pink,spikes,roar-flowers,eyes-4,elements-firetail
574,background-red,body-pink2,spikes,roar-fire,eyes-glasses7,elements-flower2
575,background-green,body-pink2,spikes,roar-tongue,eyes-glasses7,elements-flower1
576,background-pink2,body-blue,spikes,roar-blue3,eyes-3,elements-horn
577,background-fgdarkblue,body-red,spikes,roar-flowers,eyes-tear,elements-bluehat
578,background-pink,body-pink,spikes,roar-pink,eyes-glasses3,elements-horn
579,background-cloud,body-pink,spikes,roar-yellow,eyes-glasses3,elements-horn
580,background-green,body-green,spikes,roar-blue2,eyes-glasses4,elements-crown
581,background-green,body-yellow,spikes,roar-blue,eyes-glasses3,elements-flower2
582,background-fgdarkblue,body-pink2,spikes,roar-purple,eyes-glasses6,elements-firetail
583,background-cyan,body-pink,spikes,roar-mask,eyes-glasses7,elements-halo
584,background-purple,body-pink,spikes,roar-fire,eyes-glasses2,elements-bluehat
585,background-green,body-green,spikes,roar-tongue2,eyes-1,elements-halo
586,background-red,body-blue,spikes,roar-blue2,eyes-5,elements-bluehat
587,background-red,body-pink2,spikes,roar-blue2,eyes-5,elements-halo
588,background-purple,body-purple,spikes,roar-yellow,eyes-glasses2,elements-horn
589,background-purple2,body-orange,spikes,roar-pink,eyes-glasses1,elements-horn
590,background-cloud,body-pink2,spikes,roar-mask,eyes-1,elements-flower1
591,background-green,body-blue,spikes,roar-pink,eyes-glasses6,elements-halo
592,background-themed,body-pink,spikes,roar-fire,eyes-glasses6,elements-horn
593,background-pink2,body-green,spikes,roar-blue2,eyes-glasses7,elements-flower1
594,background-cloud,body-red,spikes,roar-fire,eyes-3,elements-bluehat
595,background-purple2,body-red,spikes,roar-blue3,eyes-glasses6,elements-horn
596,background-orange,body-blue,spikes,roar-mask,eyes-2,elements-flower2
597,background-blue,body-blue,spikes,roar-flowers,eyes-glasses2,elements-flower2
598,background-pink2,body-green,spikes,roar-rainbow,eyes-glasses7,elements-crown
599,background-pink,body-yellow,spikes,roar-blue3,eyes-glasses2,elements-planets
600,background-purple,body-purple,spikes,roar-flowers,eyes-glasses1,elements-halo
601,background-yellow,body-purple,spikes,roar-rainbow,eyes-glasses7,elements-horn
602,background-green,body-purple,spikes,roar-pink,eyes-glasses6,elements-firetail
603,background-lines,body-red,spikes,roar-tongue2,eyes-tear,elements-greenhat
604,background-cyan,body-red,spikes,roar-pink,eyes-tear,elements-horn
605,background-red,body-pink,spikes,roar-blue3,eyes-tear,elements-planets
606,background-red,body-green,spikes,roar-flowers,eyes-glasses5,elements-flower2
607,background-lines,body-pink2,spikes,roar-mask,eyes-tear,elements-crown
608,background-purple2,body-red,spikes,roar-mask,eyes-glasses6,elements-flower1
609,background-red2,body-orange,spikes,roar-blue3,eyes-3,elements-flower2
610,background-yellow,body-orange,spikes,roar-blue2,eyes-2,elements-flower2
611,background-red,body-pink2,spikes,roar-flowers,eyes-glasses4,elements-flower1
612,background-cloud,body-green,spikes,roar-purple,eyes-glasses3,elements-firetail
613,background-green,body-red,spikes,roar-mask,eyes-2,elements-firetail
614,background-cloud,body-orange,spikes,roar-mask,eyes-glasses6,elements-planets
615,background-cloud,body-red,spikes,roar-drool,eyes-glasses4,elements-halo
616,background-green,body-purple,spikes,roar-mask,eyes-1,elements-flower1
617,background-orange,body-blue,spikes,roar-blue,eyes-glasses3,elements-greenhat
618,background-red2,body-pink2,spikes,roar-blue,eyes-glasses3,elements-flower1
619,background-cyan,body-orange,spikes,roar-drool,eyes-3,elements-planets
620,background-cyan,body-pink2,spikes,roar-yellow,eyes-tear,elements-halo
621,background-green,body-orange,spikes,roar-blue2,eyes-glasses1,elements-greenhat
622,background-purple2,body-orange,spikes,roar-drool,eyes-glasses5,elements-flower2
623,background-green,body-green,spikes,roar-tongue2,eyes-glasses4,elements-halo
624,background-green,body-yellow,spikes,roar-tongue2,eyes-glasses3,elements-firetail
625,background-purple,body-orange,spikes,roar-tongue2,eyes-glasses6,elements-horn
626,background-blue,body-orange,spikes,roar-flowers,eyes-glasses3,elements-greenhat
627,background-pink,body-yellow,spikes,roar-flowers,eyes-3,elements-flower2
628,background-lines,body-orange,spikes,roar-purple,eyes-glasses3,elements-flower2
629,background-cloud,body-orange,spikes,roar-fire,eyes-glasses6,elements-horn
630,background-pink,body-purple,spikes,roar-blue,eyes-glasses1,elements-halo
631,background-red,body-purple,spikes,roar-flowers,eyes-5,elements-halo
632,background-fgdarkblue,body-green,spikes,roar-purple,eyes-glasses4,elements-halo
633,background-purple2,body-pink2,spikes,roar-flowers,eyes-1,elements-crown
634,background-lines,body-green,spikes,roar-blue2,eyes-tear,elements-bluehat
635,background-fgdarkblue,body-blue,spikes,roar-blue,eyes-glasses3,elements-horn
636,background-cyan,body-pink2,spikes,roar-rainbow,eyes-5,elements-firetail
637,background-blue,body-cyan,spikes,roar-yellow,eyes-glasses1,elements-crown
638,background-cyan,body-pink2,spikes,roar-drool,eyes-glasses2,elements-flower1
639,background-lines,body-cyan,spikes,roar-blue3,eyes-glasses7,elements-horn
640,background-cyan,body-blue,spikes,roar-tongue2,eyes-glasses5,elements-bluehat
641,background-purple2,body-red,spikes,roar-purple,eyes-3,elements-flower2
642,background-pink2,body-blue,spikes,roar-tongue2,eyes-1,elements-horn
643,background-pink2,body-pink,spikes,roar-yellow,eyes-glasses7,elements-flower2
644,background-pink2,body-red,spikes,roar-blue,eyes-glasses6,elements-bluehat
645,background-cloud,body-pink,spikes,roar-blue2,eyes-glasses5,elements-halo
646,background-yellow,body-purple,spikes,roar-yellow,eyes-1,elements-crown
647,background-red2,body-green,spikes,roar-blue2,eyes-glasses4,elements-flower1
648,background-fgdarkblue,body-pink,spikes,roar-purple,eyes-glasses4,elements-greenhat
649,background-fgdarkblue,body-purple,spikes,roar-pink,eyes-glasses2,elements-flower2
650,background-yellow,body-red,spikes,roar-mask,eyes-3,elements-firetail
651,background-pink2,body-yellow,spikes,roar-yellow,eyes-glasses1,elements-firetail
652,background-cyan,body-green,spikes,roar-mask,eyes-glasses2,elements-horn
653,background-red2,body-pink,spikes,roar-fire,eyes-glasses4,elements-halo
654,background-lines,body-cyan,spikes,roar-fire,eyes-glasses2,elements-firetail
655,background-blue,body-yellow,spikes,roar-yellow,eyes-glasses7,elements-greenhat
656,background-fgdarkblue,body-yellow,spikes,roar-yellow,eyes-glasses2,elements-planets
657,background-pink2,body-red,spikes,roar-yellow,eyes-glasses3,elements-crown
658,background-cloud,body-blue,spikes,roar-blue2,eyes-tear,elements-bluehat
659,background-themed,body-orange,spikes,roar-blue,eyes-glasses1,elements-firetail
660,background-fgdarkblue,body-blue,spikes,roar-flowers,eyes-1,elements-flower1
661,background-purple,body-pink,spikes,roar-blue2,eyes-glasses6,elements-crown
662,background-purple2,body-pink2,spikes,roar-flowers,eyes-glasses5,elements-bluehat
663,background-yellow,body-red,spikes,roar-drool,eyes-5,elements-bluehat
664,background-blue,body-purple,spikes,roar-tongue,eyes-glasses5,elements-crown
665,background-cloud,body-blue,spikes,roar-blue2,eyes-5,elements-crown
666,background-green,body-yellow,spikes,roar-blue,eyes-glasses1,elements-flower1
667,background-blue,body-purple,spikes,roar-purple,eyes-2,elements-greenhat
668,background-orange,body-red,spikes,roar-fire,eyes-4,elements-horn
669,background-themed,body-blue,spikes,roar-tongue,eyes-glasses5,elements-horn
670,background-red2,body-red,spikes,roar-fire,eyes-glasses4,elements-planets
671,background-red2,body-cyan,spikes,roar-blue2,eyes-glasses6,elements-flower1
672,background-orange,body-orange,spikes,roar-yellow,eyes-2,elements-flower2
673,background-cloud,body-cyan,spikes,roar-tongue2,eyes-5,elements-flower2
674,background-red2,body-orange,spikes,roar-blue3,eyes-glasses5,elements-flower1
675,background-fgdarkblue,body-red,spikes,roar-flowers,eyes-glasses6,elements-flower2
676,background-themed,body-green,spikes,roar-fire,eyes-3,elements-crown
677,background-yellow,body-yellow,spikes,roar-purple,eyes-glasses3,elements-bluehat
678,background-lines,body-red,spikes,roar-pink,eyes-glasses4,elements-bluehat
679,background-themed,body-yellow,spikes,roar-mask,eyes-glasses3,elements-bluehat
680,background-lines,body-pink2,spikes,roar-drool,eyes-5,elements-horn
681,background-red2,body-green,spikes,roar-rainbow,eyes-1,elements-flower2
682,background-cyan,body-yellow,spikes,roar-rainbow,eyes-4,elements-crown
683,background-red2,body-purple,spikes,roar-tongue,eyes-4,elements-flower2
684,background-red,body-yellow,spikes,roar-purple,eyes-glasses3,elements-horn
685,background-yellow,body-yellow,spikes,roar-flowers,eyes-1,elements-flower1
686,background-cyan,body-green,spikes,roar-yellow,eyes-2,elements-bluehat
687,background-fgdarkblue,body-green,spikes,roar-flowers,eyes-glasses5,elements-flower2
688,background-green,body-purple,spikes,roar-mask,eyes-tear,elements-flower2
689,background-cyan,body-green,spikes,roar-tongue,eyes-glasses7,elements-flower2
690,background-cyan,body-purple,spikes,roar-fire,eyes-glasses6,elements-greenhat
691,background-themed,body-yellow,spikes,roar-flowers,eyes-glasses3,elements-halo
692,background-fgdarkblue,body-green,spikes,roar-rainbow,eyes-glasses5,elements-crown
693,background-cloud,body-pink2,spikes,roar-tongue,eyes-2,elements-bluehat
694,background-pink,body-red,spikes,roar-yellow,eyes-glasses1,elements-greenhat
695,background-yellow,body-green,spikes,roar-yellow,eyes-2,elements-horn
696,background-blue,body-purple,spikes,roar-purple,eyes-glasses2,elements-planets
697,background-fgdarkblue,body-pink,spikes,roar-rainbow,eyes-glasses2,elements-greenhat
698,background-green,body-orange,spikes,roar-rainbow,eyes-glasses2,elements-planets
699,background-red2,body-orange,spikes,roar-fire,eyes-glasses3,elements-horn
700,background-pink2,body-pink2,spikes,roar-blue2,eyes-2,elements-crown
701,background-fgdarkblue,body-purple,spikes,roar-pink,eyes-glasses5,elements-bluehat
702,background-green,body-pink2,spikes,roar-blue3,eyes-glasses6,elements-flower1
703,background-pink,body-pink2,spikes,roar-pink,eyes-3,elements-horn
704,background-lines,body-red,spikes,roar-drool,eyes-glasses4,elements-crown
705,background-purple,body-orange,spikes,roar-pink,eyes-2,elements-flower1
706,background-pink2,body-yellow,spikes,roar-tongue2,eyes-glasses4,elements-greenhat
707,background-orange,body-blue,spikes,roar-tongue2,eyes-glasses1,elements-crown
708,background-pink,body-green,spikes,roar-yellow,eyes-glasses3,elements-flower1
709,background-red2,body-pink,spikes,roar-blue3,eyes-glasses4,elements-planets
710,background-pink2,body-cyan,spikes,roar-mask,eyes-3,elements-planets
711,background-red,body-cyan,spikes,roar-rainbow,eyes-glasses6,elements-firetail
712,background-cyan,body-orange,spikes,roar-yellow,eyes-glasses6,elements-flower2
713,background-red,body-yellow,spikes,roar-yellow,eyes-glasses3,elements-firetail
714,background-red2,body-orange,spikes,roar-drool,eyes-1,elements-halo
715,background-cloud,body-orange,spikes,roar-blue,eyes-5,elements-flower2
716,background-cyan,body-cyan,spikes,roar-yellow,eyes-glasses1,elements-horn
717,background-purple,body-yellow,spikes,roar-blue,eyes-glasses2,elements-greenhat
718,background-themed,body-cyan,spikes,roar-drool,eyes-1,elements-flower1
719,background-pink2,body-purple,spikes,roar-fire,eyes-glasses3,elements-halo
720,background-red,body-green,spikes,roar-fire,eyes-glasses6,elements-flower1
721,background-fgdarkblue,body-yellow,spikes,roar-purple,eyes-tear,elements-flower2
722,background-blue,body-pink2,spikes,roar-yellow,eyes-3,elements-horn
723,background-yellow,body-green,spikes,roar-flowers,eyes-glasses6,elements-halo
724,background-green,body-blue,spikes,roar-tongue2,eyes-glasses5,elements-planets
725,background-red2,body-pink,spikes,roar-blue3,eyes-5,elements-horn
726,background-yellow,body-pink2,spikes,roar-blue2,eyes-tear,elements-halo
727,background-themed,body-red,spikes,roar-blue,eyes-glasses3,elements-bluehat
728,background-yellow,body-pink,spikes,roar-blue3,eyes-glasses4,elements-planets
729,background-orange,body-blue,spikes,roar-yellow,eyes-2,elements-flower1
730,background-themed,body-red,spikes,roar-blue2,eyes-glasses7,elements-greenhat
731,background-lines,body-blue,spikes,roar-blue2,eyes-4,elements-bluehat
732,background-pink2,body-red,spikes,roar-tongue2,eyes-2,elements-flower2
733,background-purple,body-red,spikes,roar-blue,eyes-3,elements-firetail
734,background-lines,body-pink2,spikes,roar-blue2,eyes-glasses6,elements-greenhat
735,background-purple,body-blue,spikes,roar-yellow,eyes-glasses1,elements-horn
736,background-red2,body-pink,spikes,roar-flowers,eyes-tear,elements-firetail
737,background-lines,body-orange,spikes,roar-tongue,eyes-glasses4,elements-crown
738,background-purple2,body-yellow,spikes,roar-rainbow,eyes-1,elements-horn
739,background-cloud,body-cyan,spikes,roar-fire,eyes-glasses3,elements-halo
740,background-yellow,body-pink,spikes,roar-flowers,eyes-glasses4,elements-bluehat
741,background-lines,body-pink2,spikes,roar-rainbow,eyes-glasses2,elements-horn
742,background-green,body-cyan,spikes,roar-rainbow,eyes-glasses3,elements-flower2
743,background-pink,body-green,spikes,roar-tongue2,eyes-glasses5,elements-halo
744,background-green,body-pink2,spikes,roar-pink,eyes-tear,elements-horn
745,background-cyan,body-pink,spikes,roar-blue,eyes-5,elements-horn
746,background-orange,body-green,spikes,roar-pink,eyes-1,elements-bluehat
747,background-cloud,body-blue,spikes,roar-yellow,eyes-glasses5,elements-flower2
748,background-themed,body-purple,spikes,roar-drool,eyes-2,elements-flower1
749,background-orange,body-yellow,spikes,roar-drool,eyes-1,elements-crown
750,background-lines,body-pink,spikes,roar-blue2,eyes-2,elements-flower2
751,background-pink,body-orange,spikes,roar-fire,eyes-glasses1,elements-planets
752,background-cyan,body-purple,spikes,roar-blue3,eyes-glasses6,elements-planets
753,background-red,body-pink,spikes,roar-blue,eyes-glasses3,elements-planets
754,background-green,body-orange,spikes,roar-blue3,eyes-glasses7,elements-firetail
755,background-red2,body-red,spikes,roar-purple,eyes-2,elements-bluehat
756,background-purple2,body-green,spikes,roar-yellow,eyes-glasses3,elements-greenhat
757,background-red,body-pink2,spikes,roar-blue3,eyes-tear,elements-firetail
758,background-themed,body-purple,spikes,roar-blue,eyes-5,elements-halo
759,background-themed,body-red,spikes,roar-purple,eyes-glasses3,elements-halo
760,background-yellow,body-pink2,spikes,roar-blue3,eyes-tear,elements-firetail
761,background-pink,body-pink2,spikes,roar-tongue2,eyes-1,elements-greenhat
762,background-pink,body-cyan,spikes,roar-purple,eyes-glasses4,elements-planets
763,background-red,body-orange,spikes,roar-blue2,eyes-5,elements-firetail
764,background-cloud,body-yellow,spikes,roar-mask,eyes-4,elements-firetail
765,background-blue,body-red,spikes,roar-rainbow,eyes-glasses3,elements-bluehat
766,background-blue,body-green,spikes,roar-yellow,eyes-tear,elements-planets
767,background-themed,body-green,spikes,roar-tongue,eyes-glasses7,elements-flower2
768,background-themed,body-pink,spikes,roar-mask,eyes-tear,elements-firetail
769,background-pink,body-orange,spikes,roar-pink,eyes-2,elements-greenhat
770,background-yellow,body-yellow,spikes,roar-blue3,eyes-glasses7,elements-planets
771,background-green,body-orange,spikes,roar-purple,eyes-2,elements-halo
772,background-pink2,body-blue,spikes,roar-blue2,eyes-glasses5,elements-halo
773,background-red,body-blue,spikes,roar-rainbow,eyes-glasses1,elements-flower2
774,background-themed,body-cyan,spikes,roar-blue2,eyes-glasses3,elements-planets
775,background-red,body-purple,spikes,roar-fire,eyes-glasses1,elements-firetail
776,background-cyan,body-blue,spikes,roar-rainbow,eyes-glasses7,elements-bluehat
777,background-lines,body-blue,spikes,roar-drool,eyes-glasses6,elements-firetail
778,background-red2,body-pink,spikes,roar-drool,eyes-2,elements-halo
779,background-fgdarkblue,body-blue,spikes,roar-purple,eyes-glasses7,elements-planets
780,background-cyan,body-pink,spikes,roar-fire,eyes-glasses7,elements-greenhat
781,background-themed,body-orange,spikes,roar-drool,eyes-glasses7,elements-bluehat
782,background-pink2,body-pink2,spikes,roar-drool,eyes-glasses1,elements-flower2
783,background-pink2,body-orange,spikes,roar-drool,eyes-glasses4,elements-bluehat
784,background-cyan,body-blue,spikes,roar-tongue,eyes-glasses2,elements-crown
785,background-blue,body-pink,spikes,roar-rainbow,eyes-glasses6,elements-crown
786,background-lines,body-green,spikes,roar-yellow,eyes-1,elements-flower2
787,background-pink,body-orange,spikes,roar-blue2,eyes-1,elements-flower1
788,background-themed,body-purple,spikes,roar-tongue2,eyes-2,elements-firetail
789,background-red,body-blue,spikes,roar-tongue2,eyes-1,elements-planets
790,background-yellow,body-pink2,spikes,roar-rainbow,eyes-glasses6,elements-flower2
791,background-blue,body-cyan,spikes,roar-drool,eyes-1,elements-firetail
792,background-purple,body-pink2,spikes,roar-blue3,eyes-2,elements-horn
793,background-pink,body-yellow,spikes,roar-blue,eyes-glasses7,elements-crown
794,background-purple,body-cyan,spikes,roar-yellow,eyes-glasses5,elements-flower1
795,background-green,body-pink2,spikes,roar-fire,eyes-glasses2,elements-crown
796,background-purple2,body-cyan,spikes,roar-blue3,eyes-4,elements-firetail
797,background-blue,body-yellow,spikes,roar-blue2,eyes-5,elements-planets
798,background-purple2,body-orange,spikes,roar-tongue2,eyes-glasses6,elements-flower2
799,background-green,body-purple,spikes,roar-tongue,eyes-glasses6,elements-crown
800,background-pink2,body-yellow,spikes,roar-drool,eyes-glasses7,elements-planets
801,background-cloud,body-orange,spikes,roar-blue2,eyes-glasses5,elements-crown
802,background-pink,body-pink2,spikes,roar-fire,eyes-glasses1,elements-firetail
803,background-pink2,body-orange,spikes,roar-blue2,eyes-glasses7,elements-flower2
804,background-pink,body-purple,spikes,roar-yellow,eyes-4,elements-horn
805,background-themed,body-orange,spikes,roar-tongue,eyes-glasses1,elements-flower1
806,background-pink2,body-pink2,spikes,roar-blue3,eyes-glasses5,elements-horn
807,background-pink2,body-cyan,spikes,roar-blue,eyes-4,elements-firetail
808,background-lines,body-green,spikes,roar-flowers,eyes-2,elements-crown
809,background-yellow,body-purple,spikes,roar-yellow,eyes-4,elements-greenhat
810,background-green,body-red,spikes,roar-flowers,eyes-2,elements-firetail
811,background-blue,body-yellow,spikes,roar-blue3,eyes-glasses1,elements-firetail
812,background-lines,body-purple,spikes,roar-tongue2,eyes-glasses1,elements-flower1
813,background-lines,body-orange,spikes,roar-drool,eyes-glasses5,elements-crown
814,background-pink,body-yellow,spikes,roar-yellow,eyes-5,elements-flower2
815,background-purple2,body-orange,spikes,roar-mask,eyes-glasses2,elements-planets
816,background-orange,body-pink2,spikes,roar-tongue2,eyes-5,elements-firetail
817,background-pink,body-orange,spikes,roar-blue2,eyes-1,elements-crown
818,background-fgdarkblue,body-cyan,spikes,roar-flowers,eyes-3,elements-firetail
819,background-purple2,body-green,spikes,roar-mask,eyes-glasses1,elements-planets
820,background-lines,body-red,spikes,roar-yellow,eyes-tear,elements-halo
821,background-yellow,body-green,spikes,roar-rainbow,eyes-glasses1,elements-firetail
822,background-green,body-yellow,spikes,roar-blue3,eyes-glasses1,elements-crown
823,background-cloud,body-pink2,spikes,roar-blue2,eyes-2,elements-horn
824,background-cloud,body-blue,spikes,roar-mask,eyes-glasses4,elements-flower2
825,background-cloud,body-cyan,spikes,roar-rainbow,eyes-5,elements-flower2
826,background-purple,body-pink,spikes,roar-drool,eyes-1,elements-planets
827,background-pink2,body-red,spikes,roar-drool,eyes-glasses2,elements-horn
828,background-fgdarkblue,body-cyan,spikes,roar-pink,eyes-glasses6,elements-horn
829,background-orange,body-orange,spikes,roar-purple,eyes-glasses6,elements-firetail
830,background-lines,body-blue,spikes,roar-drool,eyes-3,elements-flower1
831,background-pink,body-orange,spikes,roar-blue3,eyes-glasses5,elements-halo
832,background-fgdarkblue,body-blue,spikes,roar-flowers,eyes-1,elements-firetail
833,background-green,body-blue,spikes,roar-flowers,eyes-glasses3,elements-flower2
834,background-pink2,body-yellow,spikes,roar-blue2,eyes-2,elements-bluehat
835,background-red2,body-green,spikes,roar-blue,eyes-glasses4,elements-greenhat
836,background-pink2,body-purple,spikes,roar-mask,eyes-2,elements-halo
837,background-purple,body-orange,spikes,roar-drool,eyes-5,elements-flower1
838,background-blue,body-purple,spikes,roar-purple,eyes-glasses5,elements-halo
839,background-themed,body-cyan,spikes,roar-flowers,eyes-glasses7,elements-planets
840,background-purple,body-orange,spikes,roar-blue3,eyes-5,elements-horn
841,background-purple,body-blue,spikes,roar-blue,eyes-glasses4,elements-halo
842,background-red,body-red,spikes,roar-blue3,eyes-1,elements-horn
843,background-cyan,body-purple,spikes,roar-yellow,eyes-2,elements-flower2
844,background-lines,body-blue,spikes,roar-mask,eyes-glasses6,elements-flower2
845,background-red,body-yellow,spikes,roar-fire,eyes-glasses4,elements-crown
846,background-pink,body-red,spikes,roar-tongue2,eyes-4,elements-greenhat
847,background-red2,body-purple,spikes,roar-tongue2,eyes-2,elements-halo
848,background-purple2,body-pink,spikes,roar-fire,eyes-3,elements-greenhat
849,background-yellow,body-red,spikes,roar-mask,eyes-5,elements-greenhat
850,background-green,body-cyan,spikes,roar-tongue,eyes-glasses5,elements-greenhat
851,background-cyan,body-purple,spikes,roar-flowers,eyes-3,elements-bluehat
852,background-lines,body-pink2,spikes,roar-drool,eyes-glasses3,elements-flower1
853,background-red2,body-red,spikes,roar-blue3,eyes-tear,elements-horn
854,background-green,body-blue,spikes,roar-drool,eyes-3,elements-firetail
855,background-themed,body-red,spikes,roar-tongue,eyes-5,elements-flower1
856,background-red,body-orange,spikes,roar-rainbow,eyes-glasses5,elements-flower2
857,background-green,body-blue,spikes,roar-blue2,eyes-glasses4,elements-flower2
858,background-orange,body-cyan,spikes,roar-drool,eyes-3,elements-greenhat
859,background-cyan,body-pink2,spikes,roar-rainbow,eyes-glasses3,elements-halo
860,background-cyan,body-cyan,spikes,roar-tongue2,eyes-glasses7,elements-horn
861,background-red,body-purple,spikes,roar-flowers,eyes-1,elements-flower1
862,background-fgdarkblue,body-blue,spikes,roar-drool,eyes-tear,elements-halo
863,background-pink,body-green,spikes,roar-rainbow,eyes-glasses5,elements-bluehat
864,background-green,body-red,spikes,roar-pink,eyes-4,elements-horn
865,background-blue,body-purple,spikes,roar-tongue,eyes-2,elements-horn
866,background-pink2,body-green,spikes,roar-tongue2,eyes-tear,elements-halo
867,background-themed,body-pink2,spikes,roar-blue2,eyes-4,elements-flower2
868,background-lines,body-purple,spikes,roar-fire,eyes-glasses6,elements-flower2
869,background-red,body-yellow,spikes,roar-tongue,eyes-glasses3,elements-firetail
870,background-yellow,body-green,spikes,roar-tongue2,eyes-glasses6,elements-flower1
871,background-lines,body-pink,spikes,roar-drool,eyes-glasses4,elements-planets
872,background-lines,body-purple,spikes,roar-mask,eyes-glasses4,elements-greenhat
873,background-red,body-pink,spikes,roar-blue3,eyes-glasses2,elements-firetail
874,background-cloud,body-orange,spikes,roar-mask,eyes-glasses3,elements-planets
875,background-red2,body-cyan,spikes,roar-purple,eyes-5,elements-greenhat
876,background-cyan,body-orange,spikes,roar-fire,eyes-5,elements-flower2
877,background-yellow,body-pink,spikes,roar-blue2,eyes-glasses2,elements-horn
878,background-fgdarkblue,body-pink2,spikes,roar-yellow,eyes-2,elements-greenhat
879,background-pink,body-blue,spikes,roar-blue,eyes-glasses3,elements-greenhat
880,background-cloud,body-blue,spikes,roar-rainbow,eyes-glasses7,elements-firetail
881,background-fgdarkblue,body-purple,spikes,roar-mask,eyes-2,elements-bluehat
882,background-blue,body-pink,spikes,roar-drool,eyes-glasses1,elements-firetail
883,background-red,body-orange,spikes,roar-flowers,eyes-4,elements-planets
884,background-themed,body-purple,spikes,roar-flowers,eyes-1,elements-flower2
885,background-yellow,body-cyan,spikes,roar-mask,eyes-glasses7,elements-planets
886,background-blue,body-yellow,spikes,roar-tongue,eyes-tear,elements-bluehat
887,background-pink,body-green,spikes,roar-purple,eyes-2,elements-horn
888,background-pink,body-yellow,spikes,roar-tongue2,eyes-5,elements-firetail
889,background-lines,body-blue,spikes,roar-pink,eyes-4,elements-flower2
890,background-red,body-orange,spikes,roar-purple,eyes-glasses2,elements-planets
891,background-orange,body-cyan,spikes,roar-flowers,eyes-3,elements-halo
892,background-themed,body-cyan,spikes,roar-blue3,eyes-glasses4,elements-planets
893,background-fgdarkblue,body-green,spikes,roar-flowers,eyes-glasses6,elements-horn
894,background-pink2,body-pink,spikes,roar-tongue2,eyes-glasses5,elements-planets
895,background-purple,body-pink2,spikes,roar-tongue,eyes-glasses5,elements-flower2
896,background-orange,body-orange,spikes,roar-purple,eyes-glasses5,elements-greenhat
897,background-orange,body-yellow,spikes,roar-tongue2,eyes-glasses6,elements-crown
898,background-purple,body-pink2,spikes,roar-blue3,eyes-1,elements-greenhat
899,background-orange,body-pink,spikes,roar-mask,eyes-glasses3,elements-bluehat
900,background-pink,body-orange,spikes,roar-tongue,eyes-2,elements-crown
901,background-purple2,body-green,spikes,roar-mask,eyes-3,elements-crown
902,background-red,body-purple,spikes,roar-blue,eyes-glasses3,elements-horn
903,background-purple,body-purple,spikes,roar-tongue2,eyes-glasses6,elements-halo
904,background-cloud,body-blue,spikes,roar-mask,eyes-4,elements-bluehat
905,background-cyan,body-red,spikes,roar-rainbow,eyes-2,elements-crown
906,background-cyan,body-green,spikes,roar-fire,eyes-5,elements-crown
907,background-red,body-yellow,spikes,roar-drool,eyes-glasses2,elements-crown
908,background-red,body-blue,spikes,roar-pink,eyes-glasses2,elements-firetail
909,background-green,body-purple,spikes,roar-tongue2,eyes-glasses2,elements-flower2
910,background-green,body-purple,spikes,roar-fire,eyes-glasses1,elements-crown
911,background-cyan,body-pink,spikes,roar-blue,eyes-glasses7,elements-flower2
912,background-red2,body-yellow,spikes,roar-drool,eyes-glasses1,elements-planets
913,background-lines,body-pink2,spikes,roar-drool,eyes-glasses6,elements-horn
914,background-yellow,body-pink2,spikes,roar-tongue,eyes-glasses3,elements-flower2
915,background-purple,body-blue,spikes,roar-mask,eyes-glasses1,elements-flower2
916,background-fgdarkblue,body-red,spikes,roar-rainbow,eyes-3,elements-halo
917,background-fgdarkblue,body-purple,spikes,roar-fire,eyes-glasses5,elements-halo
918,background-cloud,body-pink2,spikes,roar-blue,eyes-4,elements-firetail
919,background-fgdarkblue,body-blue,spikes,roar-tongue,eyes-tear,elements-firetail
920,background-yellow,body-cyan,spikes,roar-flowers,eyes-glasses6,elements-planets
921,background-pink,body-red,spikes,roar-purple,eyes-2,elements-horn
922,background-cyan,body-purple,spikes,roar-yellow,eyes-glasses6,elements-crown
923,background-yellow,body-purple,spikes,roar-pink,eyes-glasses6,elements-greenhat
924,background-purple2,body-yellow,spikes,roar-rainbow,eyes-glasses6,elements-bluehat
925,background-fgdarkblue,body-yellow,spikes,roar-blue,eyes-glasses4,elements-flower1
926,background-red2,body-red,spikes,roar-tongue,eyes-glasses6,elements-flower1
927,background-blue,body-green,spikes,roar-mask,eyes-5,elements-bluehat
928,background-blue,body-green,spikes,roar-purple,eyes-glasses3,elements-halo
929,background-purple,body-pink2,spikes,roar-blue,eyes-glasses3,elements-crown
930,background-red2,body-yellow,spikes,roar-purple,eyes-glasses3,elements-flower1
931,background-yellow,body-cyan,spikes,roar-blue2,eyes-glasses7,elements-flower1
932,background-fgdarkblue,body-green,spikes,roar-rainbow,eyes-4,elements-crown
933,background-lines,body-red,spikes,roar-tongue2,eyes-glasses6,elements-firetail
934,background-themed,body-purple,spikes,roar-purple,eyes-3,elements-firetail
935,background-purple2,body-green,spikes,roar-blue,eyes-glasses3,elements-firetail
936,background-blue,body-purple,spikes,roar-yellow,eyes-3,elements-crown
937,background-purple2,body-blue,spikes,roar-flowers,eyes-tear,elements-flower2
938,background-themed,body-green,spikes,roar-tongue,eyes-tear,elements-crown
939,background-green,body-red,spikes,roar-blue2,eyes-glasses3,elements-flower1
940,background-blue,body-pink,spikes,roar-yellow,eyes-glasses3,elements-flower1
941,background-pink2,body-purple,spikes,roar-blue2,eyes-glasses2,elements-planets
942,background-orange,body-yellow,spikes,roar-rainbow,eyes-glasses1,elements-halo
943,background-pink2,body-orange,spikes,roar-flowers,eyes-glasses4,elements-planets
944,background-pink2,body-green,spikes,roar-drool,eyes-2,elements-bluehat
945,background-themed,body-orange,spikes,roar-pink,eyes-glasses2,elements-flower2
946,background-red2,body-orange,spikes,roar-blue2,eyes-3,elements-flower1
947,background-yellow,body-cyan,spikes,roar-yellow,eyes-tear,elements-flower2
948,background-pink2,body-red,spikes,roar-tongue2,eyes-glasses4,elements-crown
949,background-themed,body-orange,spikes,roar-purple,eyes-1,elements-flower2
950,background-green,body-cyan,spikes,roar-pink,eyes-glasses6,elements-firetail
951,background-lines,body-pink2,spikes,roar-yellow,eyes-5,elements-halo
952,background-orange,body-purple,spikes,roar-tongue,eyes-glasses2,elements-horn
953,background-purple2,body-cyan,spikes,roar-mask,eyes-glasses3,elements-flower1
954,background-themed,body-blue,spikes,roar-drool,eyes-glasses5,elements-firetail
955,background-pink,body-yellow,spikes,roar-blue3,eyes-tear,elements-crown
956,background-pink,body-orange,spikes,roar-blue,eyes-1,elements-greenhat
957,background-red,body-green,spikes,roar-mask,eyes-4,elements-greenhat
958,background-pink2,body-yellow,spikes,roar-mask,eyes-1,elements-flower2
959,background-cyan,body-purple,spikes,roar-blue2,eyes-glasses2,elements-flower2
960,background-pink,body-pink2,spikes,roar-blue2,eyes-glasses5,elements-crown
961,background-purple2,body-red,spikes,roar-blue3,eyes-glasses5,elements-flower1
962,background-purple2,body-pink2,spikes,roar-purple,eyes-glasses1,elements-flower1
963,background-yellow,body-purple,spikes,roar-rainbow,eyes-glasses7,elements-halo
964,background-blue,body-pink2,spikes,roar-rainbow,eyes-4,elements-planets
965,background-themed,body-purple,spikes,roar-rainbow,eyes-tear,elements-bluehat
966,background-cyan,body-cyan,spikes,roar-purple,eyes-tear,elements-firetail
967,background-purple,body-red,spikes,roar-tongue2,eyes-glasses7,elements-planets
968,background-green,body-green,spikes,roar-fire,eyes-glasses5,elements-crown
969,background-purple2,body-green,spikes,roar-fire,eyes-5,elements-crown
970,background-pink2,body-yellow,spikes,roar-yellow,eyes-glasses3,elements-bluehat
971,background-red2,body-purple,spikes,roar-drool,eyes-5,elements-crown
972,background-themed,body-pink2,spikes,roar-blue,eyes-1,elements-horn
973,background-cloud,body-red,spikes,roar-mask,eyes-glasses3,elements-greenhat
974,background-blue,body-pink2,spikes,roar-tongue,eyes-4,elements-crown
975,background-pink,body-red,spikes,roar-drool,eyes-4,elements-firetail
976,background-purple,body-red,spikes,roar-fire,eyes-tear,elements-flower1
977,background-red,body-pink2,spikes,roar-pink,eyes-5,elements-flower2
978,background-purple,body-orange,spikes,roar-blue2,eyes-glasses7,elements-flower1
979,background-red,body-purple,spikes,roar-drool,eyes-glasses2,elements-horn
980,background-blue,body-pink2,spikes,roar-blue2,eyes-2,elements-crown
981,background-blue,body-orange,spikes,roar-pink,eyes-3,elements-horn
982,background-pink,body-purple,spikes,roar-pink,eyes-glasses1,elements-planets
983,background-themed,body-orange,spikes,roar-drool,eyes-glasses5,elements-firetail
984,background-red,body-yellow,spikes,roar-blue3,eyes-2,elements-halo
985,background-purple,body-cyan,spikes,roar-yellow,eyes-5,elements-bluehat
986,background-lines,body-yellow,spikes,roar-blue3,eyes-glasses1,elements-crown
987,background-cyan,body-green,spikes,roar-mask,eyes-tear,elements-crown
988,background-yellow,body-orange,spikes,roar-fire,eyes-1,elements-planets
989,background-green,body-red,spikes,roar-flowers,eyes-tear,elements-flower2
990,background-cloud,body-green,spikes,roar-tongue,eyes-tear,elements-firetail
991,background-cyan,body-cyan,spikes,roar-pink,eyes-glasses1,elements-horn
992,background-yellow,body-yellow,spikes,roar-fire,eyes-2,elements-planets
993,background-red2,body-pink,spikes,roar-flowers,eyes-glasses2,elements-firetail
994,background-pink,body-purple,spikes,roar-blue2,eyes-glasses7,elements-crown
995,background-green,body-pink2,spikes,roar-blue3,eyes-glasses6,elements-horn
996,background-fgdarkblue,body-pink2,spikes,roar-tongue,eyes-glasses6,elements-greenhat
997,background-red,body-purple,spikes,roar-drool,eyes-glasses2,elements-halo
998,background-themed,body-purple,spikes,roar-blue2,eyes-1,elements-bluehat
999,background-themed,body-cyan,spikes,roar-tongue,eyes-glasses6,elements-firetail